{"cameraMode":{"drawMode":0,"name":"Shaded","section":"Shading Mode"},"sceneLighting":true,"audioPlay":false,"sceneViewState":{"m_AlwaysRefresh":true,"showFog":true,"showSkybox":false,"showFlares":true,"showImageEffects":true,"showParticleSystems":true,"showVisualEffectGraphs":true,"m_FxEnabled":true},"in2DMode":false,"pivot":{"x":-0.7143524885177612,"y":-3.626147508621216,"z":-3.4923858642578127},"rotation":{"x":0.11038421094417572,"y":0.6805388927459717,"z":-0.10481125116348267,"w":0.7167397141456604},"size":12.878700256347657,"orthographic":false}